ben_name,ben_email
Rob Noell,Noell@gmail.com
Kiesha Stayton,Kiesha@gmail.com
Loree Husain,Loree@gmail.com
Quinn Hedgepeth,Quinn@gmail.com
Jaqueline Chism,Jaqueline@gmail.com
Vida Matchett,Vida@gmail.com
Marjory Markell,Marjory@gmail.com
Jan Cardinal,Cardinal@gmail.com
Enoch Box,Enoch@gmail.com
Jamie Nester,Jamie@gmail.com
Easter Berrier,Easter@gmail.com
Karon Brousseau,Karon@gmail.com
Ardis Kubala,Ardis@gmail.com
Amberly Corl,Amberly@gmail.com
Jessie Jang,Jessie@gmail.com
Emanuel Decelles,Emanuel@gmail.com
Delena Cataldo,Delena@gmail.com
Magdalena Schechter,Magdalena@gmail.com
Tesha Pack,Tesha@gmail.com
Jann Mutchler,Jann@gmail.com
Tobie Jahnke,Tobie@gmail.com
Maurine Alling,Maurine@gmail.com
April Barret,April@gmail.com
Merlene Riese,Merlene@gmail.com
Myrtice Cacho,Myrtice@gmail.com
Madlyn Cardona,Madlyn@gmail.com
Thresa Doyle,Thresa@gmail.com
Jama Emrick,Jama@gmail.com
Ruthie Arriaga,Ruthie@gmail.com
Annetta Krantz,Annetta@gmail.com
Robbi Lazaro,Robbi@gmail.com
Nicolasa Boylan,Nicolasa@gmail.com
Mercedes Hovey,Mercedes@gmail.com
Fawn Brutus,Fawn@gmail.com
Lenora Stupka,Lenora@gmail.com
Leone Sandoval,Leone@gmail.com
Laraine Lantz,Laraine@gmail.com
Brianna Maeda,Brianna@gmail.com
Maire Chuang,Maire@gmail.com
Bobby Truehart,Truehart@gmail.com
Arla Waterhouse,Arla@gmail.com
Arica Otoole,Arica@gmail.com
Felica Niel,Felica@gmail.com
Marcelene Crary,Marcelene@gmail.com
Abigail Biehl,Abigail@gmail.com
Edra Burress,Edra@gmail.com
Birgit Montijo,Birgit@gmail.com
Rufus Hunnicutt,Rufus@gmail.com
Elvia Higuera,Elvia@gmail.com
Anissa Buskey,Anissa@gmail.com
Sheila Putz,Putz@hotmail.com
Sigrid Mccurry,Mccurry@hotmail.com
Adrianne Bruce,Bruce@hotmail.com
Velva Mogensen,Mogensen@hotmail.com
Cristi Cauley,Cauley@hotmail.com
Leone Liberty,Liberty@hotmail.com
Nicky Wynkoop,Wynkoop@hotmail.com
Ute Kilman,Kilman@hotmail.com
Franchesca Cavazos,Franchesca@hotmail.com
Krista Cypert,Cypert@hotmail.com
Mana Hodgkins,Hodgkins@hotmail.com
Prudence Imperato,Imperato@hotmail.com
Ashlie Englund,Englund@hotmail.com
Shantelle Sudduth,Sudduth@hotmail.com
Kari Dolly,Kari@hotmail.com
Remedios Eatmon,Remedios@hotmail.com
Mandy Wakeland,Mandy@hotmail.com
Herb Portman,Herb@hotmail.com
Laureen Boston,Laureen@hotmail.com
Greta Dorado,Greta@hotmail.com
Fransisca Root,Fransisca@hotmail.com
Alba Masten,Alba@hotmail.com
Romelia Lunceford,Romelia@hotmail.com
Kym Bazemore,Bazemore@hotmail.com
Antione Barry,Antione@hotmail.com
Shirlee Maurin,Shirlee@hotmail.com
Toni Doss,Toni@hotmail.com
Bella Fuhr,Bella@hotmail.com
Romana Vangundy,Romana@hotmail.com
Tyson Darst,Tyson@hotmail.com
Kathryne Palomino,Kathryne@hotmail.com
Roxane Borkowski,Roxane@hotmail.com
Bambi Musgrave,Bambi@hotmail.com
Cassondra Persons,Cassondra@hotmail.com
Ai Sturgis,Sturgis@hotmail.com
Arthur Vanderslice,Vanderslice@hotmail.com
Leonel Zerangue,Leonel@hotmail.com
Allena Cowles,Allena@hotmail.com
Yuonne Mote,Yuonne@hotmail.com
Kendall Byrom,Kendall@hotmail.com
Anabel Zabel,Anabel@hotmail.com
Jamila Nobile,Jamila@hotmail.com
Myrtis Hendryx,Myrtis@hotmail.com
Laila Isett,Laila@hotmail.com
Lavonia Bob,Lavonia@hotmail.com
Merideth Eggen,Merideth@hotmail.com
Meaghan Fellman,Meaghan@hotmail.com
Stan Kellison,Kellison@hotmail.com
Clarence Hagerty,Clarence@hotmail.com
Thalia Currier,Thalia@hotmail.com
Sindy Mccann,@gmail.com
Lelia Kleckner,@gmail.com
Eleanora Quinney,@gmail.com
Elena Mulhern,@gmail.com
Phoebe Halvorson,@gmail.com
Elaine Neptune,@gmail.com
Adeline Farrelly,@gmail.com
Luna Schreiner,@gmail.com
Carlton Hinojos,@gmail.com
Hanh Mcmillin,@gmail.com
Arminda Blunt,@gmail.com
Duane Harber,@gmail.com
Pete Weatherhead,@gmail.com
Constance Bruni,@gmail.com
Josphine Volz,Josphine@gmail.com
Cletus Heberling,Cletus@gmail.com
Rivka Villeneuve,Rivka@gmail.com
Jasmine Mcmakin,Jasmine@gmail.com
Manuela Throneberry,Manuela@gmail.com
Buffy Stgeorge,Buffy@gmail.com
Elina Halliburton,Elina@gmail.com
Rachele Lindell,Rachele@gmail.com
Inocencia Dearman,Inocencia@gmail.com
Phebe Rothfuss,Rothfuss@gmail.com
Lulu Mclarty,Mclarty@gmail.com
Marilou Vanostrand,Vanostrand@gmail.com
Celestine Eberhard,Eberhard@gmail.com
Magen Lamoreaux,Lamoreaux@gmail.com
Dahlia Kirschbaum,Kirschbaum@gmail.com
Francene Cloutier,Cloutier@gmail.com
Noble Chauncey,Chauncey@gmail.com
Mckinley Kennell,Kennell@gmail.com
Alethia Mcdole,Mcdole@gmail.com
Frances Arnot,Arnot@gmail.com
Rosanna Visconti,Visconti@gmail.com
Karima Rethman,Rethman@gmail.com
Leeann Holzman,Holzman@gmail.com
Latanya Godbey,Godbey@gmail.com
Niki Lesser,Lesser@gmail.com
Harriett Leighton,Leighton@gmail.com
Osvaldo Masi,Masi@gmail.com
Oralee Funderburke,Funderburke@gmail.com
Rodrigo Lowman,Rodrigo@gmail.com
Ivan Squier,Ivan@gmail.com
Byron Swartz,Swartz@gmail.com
Charla Shunk,Shunk@gmail.com
Maryanne Cupplecs,Cupplecs@gmail.com
Octavia Sobus,Octavia@gmail.com
Annabel Cao,Annabel@gmail.com
Billie Ong,Billie@gmail.com