customer_name,gender,email
Erik Douthit,M,Erik@gmail.com
Manual Kulikowski,M,Manual@gmail.com
Barry Jalbert,M,Barry@hotmail.com
Jordon Levan,M,Jordon@gmail.com
Williams Litteral,M,Williams@hotmail.com
Norbert Binns,M,Norbert@hotmail.com
Teddy Matte,M,Teddy@hotmail.com
Jerald Sprankle,M,Jerald@hotmail.com
Harry Shufelt,M,Harry@hotmail.com
Errol Costanza,M,Errol@gmail.com
Ed Reilley,M,Reilley@gmail.com
Elwood Miramontes,M,Miramontes@gmail.com
Rudolf Flora,M,Rudolf@gmail.com
Jerrell Castellano,M,Jerrell@gmail.com
Troy Sheridan,M,Troy@gmail.com
Palmer Butkovich,M,Palmer@gmail.com
Jae Calderwood,M,Jae@gmail.com
Francesco Metayer,M,Francesco@gmail.com
Buddy Rupert,M,Buddy@gmail.com
Rickie Mumma,M,Rickie@gmail.com
Corinne Obyrne,F,Corinne@gmail.com
Miranda Montoro,F,Miranda@gmail.com
Carlene Infantino,F,Carlene@gmail.com
Orpha Crowson,F,Orpha@hotmail.com
Jaye Dildine,F,Jaye@hotmail.com
Ossie Flom,F,Ossie@hotmail.com
Velvet Donoghue,F,Velvet@hotmail.com
Robena Montford,F,Robena@hotmail.com
Virgina Yerby,F,Virgina@gmail.com
Lillie Paez,F,Lillie@hotmail.com
Yanira Gildea,F,Yanira@yahoo.com
Illa Vinton,F,Illa@yahoo.com
Leslee Tristan,F,Leslee@yahoo.com
Jacinta Fukushima,F,Jacinta@gmail.com
Maybell Bowen,F,Maybell@yahoo.com
Madelaine Gobble,F,Madelaine@gmail.com
Sheila Jarret,F,Sheila@yahoo.com
Tamekia Maples,F,Tamekia@gmail.com
Kristle Gaudet,F,Kristle@gmail.com
Malissa Oatis,F,Malissa@yahoo.com
Bettye Garrow,F,Bettye@yahoo.com
Bridget Canova,F,Bridget@gmail.com
Kathe Birge,F,Kathe@yahoo.com
Alberta Roiger,F,Alberta@gmail.com
Latoria Cassin,F,Latoria@gmail.com
Kathi Guin,F,Kathi@yahoo.com
Leonie Fodor,F,Leonie@yahoo.com
Farrah Criner,F,Farrah@yahoo.com
Ja Birt,F,Birt@gmail.com@yahoo.com
Hermina Berthelot,F,Hermina@gmail.com
Dwain,M,Dwain@gmail.com
Donnie,M,Donnie@gmail.com
Wilbur,M,Wilbur@gmail.com
Josh,M,Josh@gmail.com
Orlando,M,Orlando@gmail.com
Barry,M,Barry@gmail.com
Willy,M,Willy@gmail.com
Fletcher,M,Fletcher@gmail.com
Clifton,M,Clifton@gmail.com
Francisco,M,Francisco@gmail.com
Fernando,M,Fernando@gmail.com
Wilfredo,M,Wilfredo@gmail.com
Gaylord,M,Gaylord@gmail.com
Glen,M,Glen@gmail.com
Steve,M,Steve@gmail.com
Victor,M,Victor@gmail.com
Timmy,M,Timmy@gmail.com
Phillip,M,Phillip@gmail.com
Wendell,M,Wendell@gmail.com
Amos,M,Amos@gmail.com
Filiberto,M,Filiberto@gmail.com
Delbert,M,Delbert@gmail.com
Brendon,M,Brendon@gmail.com
Saul,M,Saul@gmail.com
Valentine,M,Valentine@gmail.com
Roosevelt,M,Roosevelt@gmail.com
Allan,M,Allan@gmail.com
Kendrick,M,Kendrick@gmail.com
Zachary,M,Zachary@gmail.com
Clyde,M,Clyde@gmail.com
Andrea,M,Andrea@gmail.com
Caleb,M,Caleb@gmail.com
Jamar,M,Jamar@gmail.com
Mohammed,M,Mohammed@gmail.com
William,M,William@gmail.com
Chuck,M,Chuck@gmail.com
Vincent,M,Vincent@gmail.com
Stanley,M,@gmail.com
Cesar,M,@gmail.com
Kurt,M,@gmail.com
Basil,M,@gmail.com
Alonso,M,@gmail.com
Charlie,M,@gmail.com
Trevor,M,@gmail.com
Trey,M,@gmail.com
Ahmed,M,@gmail.com
Randolph,M,@gmail.com
Lee,M,@gmail.com
Earnest,M,@gmail.com
Joan,M,@gmail.com
Sherron Meikle,F,Meikle@gmail.com
Jenell Harger,F,Harger@gmail.com
Delena Evanoff,F,Evanoff@gmail.com
Kenisha Mincks,F,Mincks@gmail.com
Violette Greenley,F,Greenley@gmail.com
Meaghan Gongora,F,Gongora@gmail.com
Nicola Eckley,F,Eckley@gmail.com
Lynnette Blasingame,F,Blasingame@gmail.com
Sharron Hillyer,F,Hillyer@gmail.com
Librada Besecker,F,Besecker@gmail.com
Kiley Truesdell,F,Truesdell@gmail.com
Iola Fordyce,F,Fordyce@gmail.com
Meda Silvester,F,Silvester@gmail.com
Zenaida Cork,F,Cork@gmail.com
Hyacinth Fielden,F,Fielden@gmail.com
Araceli Siddiqui,F,Siddiqui@gmail.com
Carolin Romain,F,Romain@gmail.com
Dagny Gautreau,F,Gautreau@gmail.com
Marisela Howson,F,Marisela@gmail.com
Consuelo Armes,F,Consuelo@gmail.com
Ellyn Blackmon,F,Ellyn@gmail.com
Sparkle Husbands,F,Sparkle@gmail.com
Sebrina Hornak,F,Sebrina@gmail.com
Madie Kahle,F,Madie@gmail.com
Roni Fobbs,F,Roni@gmail.com
Kathern Arceo,F,Kathern@gmail.com
Celestine Hazelton,F,Celestine@gmail.com
Maryln Mcguire,F,Maryln@gmail.com
Bryanna Styron,F,Bryanna@gmail.com
Marcelene Robare,F,Marcelene@gmail.com
Drucilla Fromm,F,Drucilla@gmail.com
Annalisa Tomey,F,Annalisa@gmail.com
Jeniffer Bramlett,F,Jeniffer@gmail.com
Kali Rager,F,Kali@gmail.com
Galina Kidd,F,Galina@gmail.com
Su Crossan,F,Crossan@gmail.com
Liz Langenfeld,F,Langenfeld@gmail.com
Jessia Hui,F,Jessia@gmail.com
Deborah Flakes,F,Deborah@gmail.com
Caroyln Bean,F,Caroyln@gmail.com
Manie Goodwin,F,Manie@gmail.com
Leigha Biermann,F,Leigha@gmail.com
Eleonora Storm,F,Eleonora@gmail.com
Sherley Hodel,F,Sherley@gmail.com
Zelma Pawloski,F,Zelma@gmail.com
Mackenzie Overton,F,Mackenzie@gmail.com
Pa Finger,F,Finger@gmail.com
Noriko Kingsberry,F,Kingsberry@gmail.com
Susie Duvall,F,Duvall@gmail.com
Annamaria Flavell,F,Annamaria@gmail.com
Simon Hallenbeck,M,@yahoo.com
Arthur Harrill,M,@yahoo.com
Antwan Crunk,M,@yahoo.com
Marcel Earle,M,@yahoo.com
Ty Rondon,M,@yahoo.com
Lupe Milliner,M,@yahoo.com
Graham Goodwin,M,@yahoo.com
Norberto Shoup,M,@yahoo.com
Quinn Holdsworth,M,@yahoo.com
Henry Preusser,M,@yahoo.com
Damian Skalski,M,@yahoo.com
Jame Vasta,M,@yahoo.com
Rafael Labrador,M,@yahoo.com
Lucas Demaree,M,Lucas@yahoo.com
Wesley Maurin,M,Wesley@yahoo.com
Steve Holmgren,M,Steve@yahoo.com
Marco Alter,M,Marco@yahoo.com
Titus Bolick,M,Titus@yahoo.com
Maximo Hedgecock,M,Maximo@yahoo.com
Bud Salvetti,M,Salvetti@yahoo.com
Rich Shelnutt,M,Rich@yahoo.com
Merlin Bridgeman,M,Merlin@yahoo.com
Earnest Ratcliff,M,Earnest@yahoo.com
Brendon Morado,M,Brendon@yahoo.com
Adolfo Denham,M,Adolfo@yahoo.com
Hubert Authement,M,Hubert@yahoo.com
Carl Le,M,Carl@yahoo.com
Sam Boldt,M,Sam@yahoo.com
Stacey Schutt,M,Stacey@yahoo.com
Johnie Larimore,M,Johnie@yahoo.com
Esteban Inouye,M,Esteban@yahoo.com
Larry Fiecke,M,Larry@yahoo.com
Jason Thacker,M,Jason@yahoo.com
Erick Delapena,M,Erick@yahoo.com
Jon Valerius,M,Valerius@yahoo.com
Hipolito Awad,M,Hipolito@yahoo.com
Miles Heuser,M,Miles@yahoo.com
Noble Sitton,M,Noble@yahoo.com
Rodolfo Galliher,M,Rodolfo@yahoo.com
Orval Fiqueroa,M,Orval@yahoo.com
Kermit Greely,M,Kermit@yahoo.com
Reyes Erving,M,Reyes@yahoo.com
Hunter Vanatta,M,Hunter@yahoo.com
Shelby Arno,M,Shelby@yahoo.com
Willie Sulik,M,Willie@yahoo.com
Sidney Clement,M,Sidney@yahoo.com
Jose Ficklin,M,Jose@yahoo.com
Albert Aronowitz,M,Albert@yahoo.com
Mervin Hower,M,Mervin@yahoo.com
Christian Dean,M,Christian@yahoo.com
Sharee Woo,F,Sharee@hotmail.com
Jacquelin Mallen,F,Jacquelin@hotmail.com
Delcie Metz,F,Delcie@hotmail.com
Holley Lamarr,F,Holley@hotmail.com
Verona Lynes,F,Verona@hotmail.com
Luana Carrithers,F,Luana@hotmail.com
Krystina Sober,F,Krystina@hotmail.com
Elois Coggin,F,Elois@hotmail.com
Merlene Heidenreich,F,Merlene@hotmail.com
Onita Oglesbee,F,Oglesbee@hotmail.com
Mallie Preciado,F,Preciado@hotmail.com
Ouida Hyder,F,Ouida@hotmail.com
Odelia Brannock,F,Odelia@hotmail.com
Mindi Cephas,F,Mindi@hotmail.com
Albertina Theriot,F,Albertina@hotmail.com
Kristy Reader,F,Kristy@hotmail.com
Galina Mishoe,F,Galina@hotmail.com
Sasha Grizzle,F,Sasha@hotmail.com
Clare Bucklin,F,Bucklin@hotmail.com
Sunshine Dryden,F,Sunshine@hotmail.com
Starr Vansant,F,Vansant@hotmail.com
Janyce Swingle,F,Swingle@hotmail.com
Zella Stabile,F,Stabile@hotmail.com
Shona Dalrymple,F,Dalrymple@hotmail.com
Tracee Tam,F,Tracee@hotmail.com
Theola Garbarino,F,Theola@hotmail.com
Rosia Grate,F,Rosia@hotmail.com
Elaine Beadles,F,Beadles@hotmail.com
Maude Fulkerson,F,Fulkerson@hotmail.com
Judy Suzuki,F,Suzuki@hotmail.com
Siu Suman,F,Suman@hotmail.com
Fermina Yousef,F,Fermina@hotmail.com
Luisa Ahlers,F,Luisa@hotmail.com
Cherilyn Farina,F,Cherilyn@hotmail.com
Raina Eldred,F,Raina@hotmail.com
Devona Ellerbe,F,Ellerbe@hotmail.com
Winnie Edgerly,F,Edgerly@hotmail.com
Latoya Stalls,F,Latoya@hotmail.com
Heather Barnhardt,F,Heather@hotmail.com
Marry Laguerre,F,Marry@hotmail.com
Sherill Artis,F,Sherill@hotmail.com
Brittanie Schultze,F,Brittanie@hotmail.com
Sherilyn Scheffler,F,Sherilyn@hotmail.com
Necole Haffner,F,Necole@hotmail.com
Tambra Brack,F,Tambra@hotmail.com
Neida Easler,F,Neida@hotmail.com
Zenia Hadaway,F,Zenia@hotmail.com
Maritza Hamlet,F,Maritza@hotmail.com
Blanch Fertig,F,Blanch@hotmail.com
Refugia Barbosa,F,Refugia@hotmail.com
Levi Trial,M,Levi@gmail.com
Darell Heckard,M,Darell@gmail.com
Carlo Newhard,M,Carlo@gmail.com
Lawrence Tuohy,M,Lawrence@gmail.com
Morgan Enyeart,M,Morgan@gmail.com
Charlie Stollings,M,Charlie@gmail.com
Carrol Tinkham,M,Carrol@gmail.com
Alvin Vicario,M,Alvin@gmail.com
Modesto Kindell,M,Modesto@gmail.com
Roberto Linke,M,Roberto@gmail.com
Bradley Tewksbury,M,Bradley@gmail.com
Brent Barbieri,M,Brent@gmail.com
Sergio Fertig,M,Sergio@gmail.com
Aaron Sholar,M,Aaron@gmail.com
Nolan Enger,M,Nolan@gmail.com
Hong Sheets,M,Hong@gmail.com
Odis Parker,M,Odis@gmail.com
Gus Aungst,M,Gus@gmail.com
Felton Hockenberry,M,Felton@gmail.com
Donovan Bugarin,M,Donovan@gmail.com
Evan Wasson,M,Evan@gmail.com
Edwin Milum,M,Edwin@gmail.com
Theodore Bosse,M,Theodore@gmail.com
Ross Hartford,M,Ross@gmail.com
Enoch Hartzell,M,Enoch@gmail.com
Danny Redding,M,Danny@gmail.com
Kasey Vale,M,Kasey@gmail.com
Irwin Nachman,M,Irwin@gmail.com
Kenton Tavera,M,Kenton@gmail.com
Lance Hein,M,Lance@gmail.com
Asa Soileau,M,Asa@gmail.com
Robt Crass,M,Robt@gmail.com
Jan Grogan,M,Jan@gmail.com
Forrest Kamer,M,Forrest@gmail.com
Jame Bagwell,M,Jame@gmail.com
Cliff Lawhon,M,Cliff@gmail.com
Daren Rexford,M,Daren@gmail.com
Hyman Umstead,M,Hyman@gmail.com
Sammy Delpozo,M,Sammy@gmail.com
Blair Massi,M,Blair@gmail.com
Miguel Dermody,M,Miguel@gmail.com
Leo Vita,M,Vita@gmail.com
Jarred Eisenbarth,M,Jarred@gmail.com
Burl Stamand,M,Burl@gmail.com
Heriberto Lattimore,M,Heriberto@gmail.com
Hipolito Riebe,M,Hipolito@gmail.com
Santiago Eager,M,Santiago@gmail.com
Aldo Hurless,M,Hurless@gmail.com
Isaac Winegar,M,Winegar@gmail.com
Moses Reeve,M,Reeve@gmail.com
